{"wrong": [[4.210570812225342, 64]], "correct": [[2.0025715827941895, 26]], "no response": [[10.217008113861084, 166]]}